address,amount
"0x77A644f77950785512c1657650337D82b17602f6",1002.212321
"0xF7B48A0b130b3a90B8083C7b313Fcaa3b905ee32",2.124124